#,Song,Artist,Popularity,BPM,Genres,Parent Genres,Album,Album Date,Time,Dance,Energy,Acoustic,Instrumental,Happy,Speech,Live,Loud,Key,Time Signature,Added At,Spotify Track Id,Album Label,Camelot,"Spotify Track Img","Song Preview"
1,"Flowers","Miley Cyrus",38,118,"pop","Pop","Flowers",2023-01-13,03:20,71,68,6,0,65,0,0,-4,C Major,4,2023-01-13,0yLdNVWF3Srea0uzk55zFn,"Columbia",8B,,https://i.scdn.co/image/ab67616d00004851f429549123dbe8552764ba1d
2,"Kill Bill","SZA",92,89,"pop, r&b, rap","Pop, R&B, Hip Hop","SOS",2022-12-08,02:33,64,74,5,14,42,0,10,-6,G#/A♭ Major,4,2023-01-07,1Qrg8KqiBpW07V7PNxwwwL,"Top Dawg Entertainment/RCA Records",4B,https://p.scdn.co/mp3-preview/4bd2dc84016f3743add7eea8b988407b1b900672?cid=0dd13485836e45ac9134860ee53d835f,https://i.scdn.co/image/ab67616d000048510c471c36970b9406233842a5
3,"Creepin' (with The Weeknd & 21 Savage)","Metro Boomin,The Weeknd,21 Savage",92,98,"rap, canadian contemporary r&b, canadian pop, pop, atl hip hop, hip hop","Hip Hop, R&B, Pop","HEROES & VILLAINS",2022-12-02,03:41,72,62,42,0,17,0,0,-6,C♯/D♭ Minor,4,2023-01-07,2dHHgzDwk4BJdRwy9uXhTO,"Republic Records",12A,,https://i.scdn.co/image/ab67616d00004851c4fee55d7b51479627c31f89
4,"Seven (feat. Latto) (Explicit Ver.)","Jung Kook,Latto",91,125,"k-pop, trap queen","Pop, R&B","Seven (feat. Latto)",2023-07-14,03:04,80,83,31,0,89,0,0,-4,B Major,4,2023-07-20,7x9aauaA9cu6tyfpHnqDLo,"BIGHIT MUSIC",1B,https://p.scdn.co/mp3-preview/2f2b3f4eaf405ac3ba9792456cec93ae88942cfc?cid=0dd13485836e45ac9134860ee53d835f,https://i.scdn.co/image/ab67616d00004851bf5cce5a0e1ed03a626bdd74
5,"Cruel Summer","Taylor Swift",99,170,"pop","Pop","Lover",2019-08-23,02:58,55,70,12,0,56,10,10,-6,A Major,4,2023-06-30,1BxfuPKGuaTgP7aM0Bbdwr,"Taylor Swift",11B,,https://i.scdn.co/image/ab67616d00004851e787cffec20aa2a396a61647
6,"Die For You - Remix","The Weeknd,Ariana Grande",83,67,"canadian contemporary r&b, canadian pop, pop","R&B, Pop","Die For You (Remix)",2023-02-24,03:52,53,53,23,0,50,0,40,-7,C♯/D♭ Minor,4,2023-02-24,7oDd86yk8itslrA9HRP2ki,"XO / Republic Records",12A,,https://i.scdn.co/image/ab67616d000048518de12a274f6e1df6634f57ec
7,"vampire","Olivia Rodrigo",52,138,"pop","Pop","vampire",2023-06-30,03:39,51,53,17,0,32,0,30,-6,F Major,4,2023-06-30,3k79jB4aGmMDUQzEwa46Rz,"Olivia Rodrigo PS",7B,,https://i.scdn.co/image/ab67616d000048511e5e75dc1d878a0007cb6525
8,"greedy","Tate McRae",100,111,"alt z, pop","Pop","greedy",2023-09-15,02:11,75,73,26,0,84,0,10,-3,F#/G♭ Minor,1,2023-09-16,3rUGC1vUpkDG9CZFHMur1t,"RCA Records Label",11A,https://p.scdn.co/mp3-preview/ca7bdcb691fb64a5af8a3253b89356390664fcf1?cid=0dd13485836e45ac9134860ee53d835f,https://i.scdn.co/image/ab67616d0000485122fd802bc61db666c7c81aa8
9,"Boy's a liar Pt. 2","PinkPantheress,Ice Spice",84,133,"bedroom pop, bronx drill","Pop","Boy's a liar Pt. 2",2023-02-03,02:11,70,81,25,0,86,0,20,-8,F Major,4,2023-02-10,6AQbmUe0Qwf5PZnt4HmTXv,"Warner Records",7B,https://p.scdn.co/mp3-preview/543d8d09a5530a1ab94dd0c6f83fc4ee3e0d7f96?cid=0dd13485836e45ac9134860ee53d835f,https://i.scdn.co/image/ab67616d000048519567e1aa41657425d046733b
10,"Ella Baila Sola","Eslabon Armado,Peso Pluma",87,148,"corrido, corridos tumbados, sad sierreno, sierreno","Latin","Ella Baila Sola",2023-03-16,02:45,67,76,48,0,83,0,0,-5,F Minor,3,2023-04-03,3dnP0JxCgygwQH9Gm7q7nb,"DEL Records",4A,https://p.scdn.co/mp3-preview/5d39f3e17f1e20e2711d033001e48b8d4249b992?cid=0dd13485836e45ac9134860ee53d835f,https://i.scdn.co/image/ab67616d000048512071a0c79802d9375a53bfef
11,"Shakira: Bzrp Music Sessions, Vol. 53","Bizarrap,Shakira",86,122,"argentine hip hop, pop venezolano, trap argentino, trap latino, urbano latino, colombian pop, dance pop, latin pop, pop","Hip Hop, Pop, Latin","Shakira: Bzrp Music Sessions, Vol. 53",2023-01-11,03:34,78,63,27,0,50,0,0,-6,D Minor,4,2023-01-13,4nrPB8O7Y7wsOCJdgXkthe,"DALE PLAY Records",7A,https://p.scdn.co/mp3-preview/64e90f49942deb7dd92610fb8ef64b30524e6009?cid=0dd13485836e45ac9134860ee53d835f,https://i.scdn.co/image/ab67616d000048512b6d78c5a3f6247aa997b812
12,"Rich Flex","Drake,21 Savage",87,153,"canadian hip hop, canadian pop, hip hop, pop rap, rap, atl hip hop","Hip Hop, Pop","Her Loss",2022-11-04,03:59,56,52,5,0,42,20,30,-9,B Minor,3,2023-01-08,1bDbXMyjaUIooNwFE9wn0N,"OVO / Republic Records",10A,,https://i.scdn.co/image/ab67616d0000485102854a7060fccc1a66a4b5ad
13,"Paint The Town Red","Doja Cat",94,100,"dance pop, pop","Pop","Paint The Town Red",2023-08-04,03:51,87,54,27,0,73,10,0,-9,F Major,4,2023-08-04,2IGMVunIBsBLtEQyoI1Mu7,"Kemosabe Records/RCA Records",7B,https://p.scdn.co/mp3-preview/1d4dc1cd67ba78afec8cfb3e5258a9ab9b707dd8?cid=0dd13485836e45ac9134860ee53d835f,https://i.scdn.co/image/ab67616d000048517acee948ecac8380c1b6ce30
14,"What Was I Made For? [From The Motion Picture "Barbie"]","Billie Eilish",94,78,"art pop, pop","Pop","What Was I Made For? [From The Motion Picture "Barbie"]",2023-07-13,03:42,44,9,96,0,14,0,10,-18,C Major,4,2023-07-14,6wf7Yu7cxBSPrRlWeSeK0Q,"Darkroom/Interscope Records",8B,,https://i.scdn.co/image/ab67616d00004851ed317ec13d3de9e01fb99c9e
15,"Calm Down (with Selena Gomez)","Rema,Selena Gomez",90,107,"afrobeats, nigerian pop, pop, post-teen pop","R&B, Pop","Calm Down (with Selena Gomez)",2022-08-25,03:59,80,81,38,0,80,0,10,-5,B Major,4,2023-01-07,0WtM2NBVQNNJLh6scP13H8,"Mavin Records / Jonzing World",1B,,https://i.scdn.co/image/ab67616d00004851a3a7f38ea2033aa501afd4cf
16,"La Bachata","Manuel Turizo",85,125,"colombian pop, latin pop, reggaeton, reggaeton colombiano, trap latino, urbano latino","Pop, Latin","La Bachata",2022-05-26,02:42,84,68,58,0,85,0,20,-5,G Minor,4,2023-01-07,5ww2BF9slyYgNOk37BlC4u,"Sony Music Latin/La Industria",6A,https://p.scdn.co/mp3-preview/0232b53fd7849e6696e1ab3099dd01dd00823f17?cid=0dd13485836e45ac9134860ee53d835f,https://i.scdn.co/image/ab67616d00004851c9f744b0d62da795bc21d04a
17,"golden hour","JVKE",86,94,"modern indie pop, pov: indie, singer-songwriter pop","Pop","this is what ____ feels like (Vol. 1-4)",2022-09-23,03:29,52,59,65,16,15,0,20,-5,E Major,3,2023-01-07,5odlY52u43F5BjByhxg7wg,"JVKE",12B,https://p.scdn.co/mp3-preview/bcc17f30841d6fbf3cd7954c3e3cf669f11b6a21?cid=0dd13485836e45ac9134860ee53d835f,https://i.scdn.co/image/ab67616d00004851c2504e80ba2f258697ab2954
18,"Here With Me","d4vd",20,132,"bedroom pop","Pop","Here With Me",2022-09-22,04:02,57,47,53,0,29,0,10,-8,E Major,4,2023-02-23,78Sw5GDo6AlGwTwanjXbGh,"Darkroom/Interscope Records",12B,,https://i.scdn.co/image/ab67616d00004851efbe96040319db682b438f11
19,"Karma","Taylor Swift",88,90,"pop","Pop","Midnights",2022-10-21,03:24,64,62,7,0,10,0,40,-7,G#/A♭ Major,4,2023-05-24,7KokYm8cMIXCsGVmUvKtqf,"Taylor Swift",4B,,https://i.scdn.co/image/ab67616d00004851bb54dde68cd23e2a268ae0f5
20,"TQG","KAROL G,Shakira",89,180,"reggaeton, reggaeton colombiano, trap latino, urbano latino, colombian pop, dance pop, latin pop, pop","Pop, Latin","MAÑANA SERÁ BONITO",2023-02-24,03:17,72,63,67,0,61,20,0,-4,E Minor,4,2023-02-25,0DWdj2oZMBFSzRsi2Cvfzf,"Universal Music Latino",9A,,https://i.scdn.co/image/ab67616d0000485182de1ca074ae63cb18fce335
21,"MONACO","Bad Bunny",94,139,"reggaeton, trap latino, urbano latino","Latin","nadie sabe lo que va a pasar mañana",2023-10-13,04:27,79,62,15,0,13,0,50,-5,E Minor,4,2023-10-13,4MjDJD8cW7iVeWInc2Bdyj,"Rimas Entertainment LLC",9A,https://p.scdn.co/mp3-preview/f80c7cc394457fc77cd6668a715b039fd86404f9?cid=0dd13485836e45ac9134860ee53d835f,https://i.scdn.co/image/ab67616d000048517b1fc51ff3257b5286a1ecec
22,"I KNOW ?","Travis Scott",92,118,"hip hop, rap, slap house","Hip Hop, Electronic","UTOPIA",2023-07-28,03:31,93,62,2,0,82,0,10,-4,F Minor,4,2023-11-30,6wsqVwoiVH2kde4k4KKAFU,"Cactus Jack/Epic",4A,https://p.scdn.co/mp3-preview/71d86e04987feee653ae3087aa76e782bced382d?cid=0dd13485836e45ac9134860ee53d835f,https://i.scdn.co/image/ab67616d00004851881d8d8378cd01099babcd44
23,"Escapism.","RAYE,070 Shake",4,96,"uk contemporary r&b, uk pop, new jersey rap","Hip Hop, R&B, Pop","Escapism. (Sped Up)",2022-11-25,04:32,54,74,14,0,25,10,0,-5,D Major,4,2023-01-07,5WxVXxCMRnvxUKFq40ELwq,"Human Re Sources",10B,,https://i.scdn.co/image/ab67616d0000485157dd31ec4e9dbc7f4238f69a
24,"Lovin On Me","Jack Harlow",99,105,"deep underground hip hop, kentucky hip hop, pop rap, rap","Hip Hop","Lovin On Me",2023-11-10,02:18,94,56,0,0,61,0,0,-5,D Major,4,2023-11-17,4xhsWYTOGcal8zt0J161CU,"Generation Now/Atlantic",10B,https://p.scdn.co/mp3-preview/eeeb6151d0049367b3ad3db0389e9e3b116c0774?cid=0dd13485836e45ac9134860ee53d835f,https://i.scdn.co/image/ab67616d00004851fcf4adae77baba5d0169e8e8
25,"Last Night","Morgan Wallen",84,204,"contemporary country","Country","3 Songs At A Time Sampler",2023-01-31,02:43,52,68,46,0,52,0,10,-5,F#/G♭ Major,4,2023-03-31,59uQI0PADDKeE6UZDTJEe8,"Big Loud Records / Mercury Records / Republic Records",2B,,https://i.scdn.co/image/ab67616d00004851fc1df8423733f6f3c9e8dea2
26,"Daylight","David Kushner",95,130,"gen z singer-songwriter, singer-songwriter pop","Pop","Daylight",2023-04-14,03:32,51,43,83,0,32,0,0,-9,D Minor,4,2023-04-28,1odExI7RdWc4BT515LTAwj,"Miserable Music Group, LLC",7A,,https://i.scdn.co/image/ab67616d0000485195ca6a9b4083a86c149934ae
27,"Water","Tyla",95,117,"","","Water",2023-07-28,03:20,67,72,9,0,52,0,10,-3,D#/E♭ Minor,4,2023-10-20,5aIVCx5tnk0ntmdiinnYvw,"FAX Records/Epic",2A,https://p.scdn.co/mp3-preview/92479d43666b31ca72b7e2a4fad74568f98ee41e?cid=0dd13485836e45ac9134860ee53d835f,https://i.scdn.co/image/ab67616d00004851d20231861e86a6f74ef2393e
28,"Snooze","SZA",93,143,"pop, r&b, rap","Pop, R&B, Hip Hop","SOS",2022-12-09,03:21,56,55,14,0,39,10,10,-7,F Major,4,2023-11-14,4iZ4pt7kvcaH6Yo8UoZ4s2,"Top Dawg Entertainment/RCA Records",7B,https://p.scdn.co/mp3-preview/8c53920b5fd2c3178afa36cac9eec68b5ee9204a?cid=0dd13485836e45ac9134860ee53d835f,https://i.scdn.co/image/ab67616d0000485170dbc9f47669d120ad874ec1
29,"Dance The Night - From Barbie The Album","Dua Lipa",93,110,"dance pop, pop, uk pop","Pop","Dance The Night (From Barbie The Album)",2023-05-25,02:56,67,85,2,0,78,0,30,-5,B Minor,4,2023-05-26,1vYXt7VSjH9JIM5oRRo7vA,"Atlantic Records",10A,https://p.scdn.co/mp3-preview/acaea048f50a3b30ca24b348c84a6047373baabb?cid=0dd13485836e45ac9134860ee53d835f,https://i.scdn.co/image/ab67616d000048517dd3ba455ee3390cb55b0192
30,"I'm Good (Blue)","David Guetta,Bebe Rexha",93,128,"big room, dance pop, edm, pop, pop dance","Electronic, Pop","I'm Good (Blue)",2022-08-26,02:55,56,97,0,0,30,0,30,-4,G Minor,4,2023-02-23,4uUG5RXrOk84mYEfFvj3cK,"Parlophone UK",6A,https://p.scdn.co/mp3-preview/c1de960c1a98f7ab652331e5223c50baba75c460?cid=0dd13485836e45ac9134860ee53d835f,https://i.scdn.co/image/ab67616d00004851933c036cd61cd40d3f17a9c4
31,"Cupid - Twin Ver.","FIFTY FIFTY",84,120,"k-pop girl group","Pop","The Beginning: Cupid",2023-02-24,02:54,78,59,44,0,73,0,30,-8,B Minor,4,2023-04-22,7FbrGaHYVDmfr7KoLIZnQ7,"WM Korea",10A,https://p.scdn.co/mp3-preview/af5c16d4c69be9b3278e7079d5aab14aa425127b?cid=0dd13485836e45ac9134860ee53d835f,https://i.scdn.co/image/ab67616d0000485137c0b3670236c067c8e8bbcb
32,"bad idea right?","Olivia Rodrigo",47,130,"pop","Pop","bad idea right?",2023-08-11,03:04,63,88,0,0,80,0,0,-3,A Major,4,2023-08-11,2i8f4VnnBjy0yDqH2C452a,"Olivia Rodrigo PS",11B,,https://i.scdn.co/image/ab67616d000048518bfab8d577ad17a7b74d9f5f
33,"Chemical","Post Malone",87,170,"dfw rap, melodic rap, pop, rap","Hip Hop, Pop","Chemical",2023-04-14,03:04,50,90,0,0,37,0,10,-5,D Major,4,2023-11-30,5w40ZYhbBMAlHYNDaVJIUu,"Mercury Records/Republic Records",10B,,https://i.scdn.co/image/ab67616d00004851f76f8deeba5370c98ad38f1c
34,"I Remember Everything (feat. Kacey Musgraves)","Zach Bryan,Kacey Musgraves",93,78,"classic oklahoma country, classic texas country, contemporary country, country dawn","Country","Zach Bryan",2023-08-25,03:47,43,45,55,0,16,0,10,-8,C Major,4,2023-09-01,4KULAymBBJcPRpk1yO4dOG,"Warner Records",8B,https://p.scdn.co/mp3-preview/22b240f7ef2eff38bd12fb0c94dfea5e1d70e20a?cid=0dd13485836e45ac9134860ee53d835f,https://i.scdn.co/image/ab67616d00004851e5a25ed08d1e7e0fbb440cef
35,"Is It Over Now? (Taylor's Version) (From The Vault)","Taylor Swift",93,100,"pop","Pop","1989 (Taylor's Version)",2023-10-26,03:49,60,66,5,0,18,0,10,-7,C Major,4,2023-10-30,1Iq8oo9XkmmvCQiGOfORiz,"Taylor Swift",8B,,https://i.scdn.co/image/ab67616d00004851904445d70d04eb24d6bb79ac
36,"See You Again (feat. Kali Uchis)","Tyler, The Creator,Kali Uchis",92,79,"hip hop, rap, colombian pop","Pop, Hip Hop","Flower Boy",2017-07-21,03:00,56,56,37,0,62,10,10,-9,F#/G♭ Major,4,2023-05-27,7KA4W4McWYRpgf0fWsJZWB,"Columbia",2B,https://p.scdn.co/mp3-preview/c703198293891e3b276800ea6b187cf7951d3d7d?cid=0dd13485836e45ac9134860ee53d835f,https://i.scdn.co/image/ab67616d000048518940ac99f49e44f59e6f7fb3
37,"Popular (with Playboi Carti & Madonna) - Music from the HBO Original Series","The Weeknd,Playboi Carti,Madonna",95,99,"canadian contemporary r&b, canadian pop, pop, atl hip hop, plugg, pluggnb, rage rap, rap, dance pop","Hip Hop, R&B, Pop","Popular (Music from the HBO Original Series)",2023-06-02,03:35,86,68,6,0,85,10,40,-6,C♯/D♭ Major,4,2023-07-20,6WzRpISELf3YglGAh7TXcG,"XO / Republic Records",3B,,https://i.scdn.co/image/ab67616d000048514c8f092adc59b4bf4212389d
38,"Barbie World (with Aqua) [From Barbie The Album]","Nicki Minaj,Ice Spice,Aqua",86,144,"hip pop, pop, queens hip hop, rap, bronx drill, bubblegum dance, eurodance, europop","Pop, Hip Hop","Barbie World (with Aqua) [From Barbie The Album]",2023-06-23,01:49,77,58,52,0,75,20,20,-8,C Major,4,2023-06-27,741UUVE2kuITl0c6zuqqbO,"Atlantic Records",8B,https://p.scdn.co/mp3-preview/f654928ccaa4e6a9fb09a6eb3f208383eccc12a9?cid=0dd13485836e45ac9134860ee53d835f,https://i.scdn.co/image/ab67616d000048517e8f938c02fac3b564931116
39,"La Bebe - Remix","Yng Lvcas,Peso Pluma",90,170,"reggaeton, urbano mexicano, corridos tumbados, sad sierreno","Latin","La Bebe (Remix)",2023-03-17,03:54,81,48,21,0,56,30,0,-6,D Minor,4,2023-12-26,2UW7JaomAMuX9pZrjVpHAU,"WM Mexico",7A,https://p.scdn.co/mp3-preview/57c5d5266219b32d455ed22417155bbabde7170f?cid=0dd13485836e45ac9134860ee53d835f,https://i.scdn.co/image/ab67616d00004851a04be3ad7c8c67f4109111a9
40,"K-POP","Travis Scott,Bad Bunny,The Weeknd",81,121,"hip hop, rap, slap house, reggaeton, trap latino, urbano latino, canadian contemporary r&b, canadian pop, pop","R&B, Pop, Hip Hop, Latin, Electronic","K-POP",2023-07-21,03:05,81,62,4,0,54,0,60,-6,F Minor,4,2023-07-21,5L3ecxQnQ9qTBmnLQiwf0C,"Cactus Jack/Epic",4A,https://p.scdn.co/mp3-preview/011ff5d71b1fad87bc1f4bed5a1abab3e0500426?cid=0dd13485836e45ac9134860ee53d835f,https://i.scdn.co/image/ab67616d00004851893489768de0c42b4d217b82
41,"Houdini","Dua Lipa",94,117,"dance pop, pop, uk pop","Pop","Houdini",2023-11-09,03:05,74,79,0,0,87,0,0,-5,A Minor,4,2023-11-10,4OMJGnvZfDvsePyCwRGO7X,"Warner Records",8A,https://p.scdn.co/mp3-preview/df4af86970ffb1a7042d1d228bcea7b4aabfdba4?cid=0dd13485836e45ac9134860ee53d835f,https://i.scdn.co/image/ab67616d00004851001d5706fddc72561f6488af
42,"Moonlight","Kali Uchis",86,137,"colombian pop","Pop","Moonlight",2023-02-24,03:07,64,72,51,0,88,0,10,-6,G Minor,4,2023-05-24,2i2gDpKKWjvnRTOZRhaPh2,"Geffen Records",6A,,https://i.scdn.co/image/ab67616d00004851b13b4a434585f484548e42c9
43,"get him back!","Olivia Rodrigo",87,162,"pop","Pop","GUTS",2023-09-08,03:31,55,85,1,0,74,10,60,-6,F Major,4,2023-09-08,2gyxAWHebV7xPYVxqoi86f,"Olivia Rodrigo PS",7B,,https://i.scdn.co/image/ab67616d00004851e85259a1cae29a8d91f2093d
44,"Super Shy","NewJeans",90,150,"k-pop, k-pop girl group","Pop","NewJeans 'Super Shy'",2023-07-07,02:34,78,82,18,0,52,0,10,-6,F Minor,4,2023-07-20,5sdQOyqq2IDhvmx2lHOpwd,"ADOR",4A,https://p.scdn.co/mp3-preview/dab062e2cc708a2680ce84953a3581c5a679a230?cid=0dd13485836e45ac9134860ee53d835f,https://i.scdn.co/image/ab67616d000048513d98a0ae7c78a3a9babaf8af
45,"Nonsense","Sabrina Carpenter",90,139,"pop","Pop","emails i can't send",2022-07-15,02:43,74,70,3,0,73,0,20,-5,G#/A♭ Major,4,2023-01-22,6dgUya35uo964z7GZXM07g,"Island Records",4B,,https://i.scdn.co/image/ab67616d00004851700f7bf79c9f063ad0362bdf
46,"Romantic Homicide","d4vd",91,132,"bedroom pop","Pop","Romantic Homicide",2022-07-20,02:12,57,54,45,1,22,0,30,-11,F#/G♭ Major,4,2023-11-29,1xK59OXxi2TAAAbmZK0kBL,"Darkroom/Interscope Records",2B,,https://i.scdn.co/image/ab67616d00004851bd1a52b3d5903ee01c216da0
47,"I Wanna Be Yours","Arctic Monkeys",96,68,"garage rock, modern rock, permanent wave, rock, sheffield indie","Rock","AM",2013-09-09,03:03,46,42,14,2,48,0,10,-9,C Minor,4,2023-12-26,5XeFesFbtLpXzIVDNQP22n,"Domino Recording Co",5A,https://p.scdn.co/mp3-preview/07de30bde8363d9ff78b72339245c151f67af451?cid=0dd13485836e45ac9134860ee53d835f,https://i.scdn.co/image/ab67616d000048514ae1c4c5c45aabe565499163
48,"My Love Mine All Mine","Mitski",99,114,"brooklyn indie, pov: indie","Rock, Pop","The Land Is Inhospitable and So Are We",2023-09-15,02:17,50,31,87,14,12,0,10,-15,A Major,4,2023-11-26,3vkCueOmm7xQDoJ17W1Pm3,"Dead Oceans",11B,https://p.scdn.co/mp3-preview/2f90c9a6a2b6e38554d3bc3cf7512c2c70ac67b9?cid=0dd13485836e45ac9134860ee53d835f,https://i.scdn.co/image/ab67616d0000485134f21d3047d85440dfa37f10
49,"Say Yes To Heaven","Lana Del Rey",90,100,"art pop, pop","Pop","Say Yes To Heaven",2023-05-19,03:29,49,35,71,9,17,0,10,-12,F#/G♭ Minor,4,2023-05-19,6GGtHZgBycCgGBUhZo81xe,"Polydor Records",11A,,https://i.scdn.co/image/ab67616d00004851aa27708d07f49c82ff0d0dae
50,"Nobody Gets Me","SZA",85,100,"pop, r&b, rap","Pop, R&B, Hip Hop","SOS",2022-12-09,03:00,36,28,81,0,28,0,10,-8,G Major,3,2023-01-07,5Y35SjAfXjjG0sFQ3KOxmm,"Top Dawg Entertainment/RCA Records",9B,https://p.scdn.co/mp3-preview/36cfe8fbfb78aa38ca3b222c4b9fc88cda992841?cid=0dd13485836e45ac9134860ee53d835f,https://i.scdn.co/image/ab67616d0000485170dbc9f47669d120ad874ec1
51,"All Of The Girls You Loved Before","Taylor Swift",84,96,"pop","Pop","All Of The Girls You Loved Before",2019-08-23,03:41,72,47,71,0,40,0,10,-10,D Major,3,2023-03-18,4P9Q0GojKVXpRTJCaL3kyy,"Taylor Swift",10B,,https://i.scdn.co/image/ab67616d000048518481d8f15859aa5bae75ee17
52,"Single Soon","Selena Gomez",85,105,"pop, post-teen pop","Pop","Single Soon",2023-08-25,02:51,61,57,1,0,75,0,10,-6,D Major,4,2023-08-25,6iF4RgIjDvDqyW13PezSj3,"Interscope Records",10B,,https://i.scdn.co/image/ab67616d00004851fabd32dd9cefca8714c0ed41
53,"Made You Look","Meghan Trainor",85,145,"hip pop, pop","Pop","Takin' It Back",2022-10-21,02:14,84,53,35,0,88,0,0,-4,A#/B♭ Major,4,2023-01-07,0QHEIqNKsMoOY5urbzN48u,"Epic",6B,https://p.scdn.co/mp3-preview/f0eb89945aa820c0f30b5e97f8e2cab42d9f0a99?cid=0dd13485836e45ac9134860ee53d835f,https://i.scdn.co/image/ab67616d000048511a4f1ada93881da4ca8060ff
54,"As It Was","Harry Styles",95,174,"pop","Pop","Harry's House",2022-05-20,02:47,52,73,34,0,66,0,30,-5,F#/G♭ Minor,4,2023-01-07,4Dvkj6JhhA12EX05fT7y2e,"Columbia",11A,https://p.scdn.co/mp3-preview/c43dd07043b29e800c1a65b3a0102861fa3cf418?cid=0dd13485836e45ac9134860ee53d835f,https://i.scdn.co/image/ab67616d000048512e8ed79e177ff6011076f5f0
55,"Until I Found You (with Em Beihold) - Em Beihold Version","Stephen Sanchez,Em Beihold",90,101,"gen z singer-songwriter, alt z","Pop","Until I Found You (Em Beihold Version)",2022-04-22,02:56,55,55,78,0,34,0,20,-5,A#/B♭ Major,3,2023-01-07,1Y3LN4zO1Edc2EluIoSPJN,"Republic Records",6B,,https://i.scdn.co/image/ab67616d000048512bf0876d42b90a8852ad6244
56,"Strangers","Kenya Grace",96,170,"singer-songwriter pop","Pop","Strangers",2023-09-01,02:52,63,52,70,0,42,0,20,-8,B Minor,4,2023-09-16,5mjYQaktjmjcMKcUIcqz4s,"Warner Records/Major Recordings",10A,https://p.scdn.co/mp3-preview/f8e667575db490b61ccc4d0948a6be922cfe1c5e?cid=0dd13485836e45ac9134860ee53d835f,https://i.scdn.co/image/ab67616d000048514756c2e9ae436437cd75e9f3
57,"Standing Next to You","Jung Kook",97,106,"k-pop","Pop","GOLDEN",2023-11-03,03:26,71,81,4,0,82,10,30,-4,D Minor,4,2023-11-03,2KslE17cAJNHTsI2MI0jb2,"BIGHIT MUSIC",7A,https://p.scdn.co/mp3-preview/b1cac49f0f6043eae3a0c0557fe16a9579fbc519?cid=0dd13485836e45ac9134860ee53d835f,https://i.scdn.co/image/ab67616d00004851741fd4807f442af3f7359316
58,"Ditto","NewJeans",86,134,"k-pop, k-pop girl group","Pop","Ditto",2022-12-19,03:05,81,64,3,0,18,10,10,-6,F#/G♭ Minor,4,2023-01-07,3r8RuvgbX9s7ammBn07D3W,"ADOR",11A,https://p.scdn.co/mp3-preview/4f048713ddfa434539dec7c3cb689f3393353edd?cid=0dd13485836e45ac9134860ee53d835f,https://i.scdn.co/image/ab67616d00004851edf5b257be1d6593e81bb45f
59,"Used To Be Young","Miley Cyrus",73,147,"pop","Pop","Used To Be Young",2023-08-25,03:11,45,63,60,0,46,0,10,-4,E Major,4,2023-08-25,0Nfh4u0J4bajcyp5pzaWCx,"Columbia",12B,https://p.scdn.co/mp3-preview/f2ab70c58e01d79f1a47ceb918a5be16c53745d2?cid=0dd13485836e45ac9134860ee53d835f,https://i.scdn.co/image/ab67616d00004851c7e08e101212a4c94bd35b38
60,"Eyes Closed","Ed Sheeran",28,107,"pop, singer-songwriter pop, uk pop","Pop","Eyes Closed",2023-03-24,03:14,78,53,30,0,39,0,10,-6,D Major,4,2023-03-24,07bsRv0pcpbG4zJeLsUs1p,"Atlantic Records UK",10B,,https://i.scdn.co/image/ab67616d00004851340478dfce149f58e2327334
61,"Anti-Hero","Taylor Swift",92,97,"pop","Pop","Midnights",2022-10-21,03:20,64,64,13,0,53,0,10,-7,E Major,4,2023-01-07,0V3wPSX9ygBnCm8psDIegu,"Taylor Swift",12B,,https://i.scdn.co/image/ab67616d00004851bb54dde68cd23e2a268ae0f5
62,"Can’t Catch Me Now - from The Hunger Games: The Ballad of Songbirds & Snakes","Olivia Rodrigo",87,142,"pop","Pop","Can’t Catch Me Now (from The Hunger Games: The Ballad of Songbirds & Snakes)",2023-11-03,03:25,52,37,84,0,23,0,10,-8,B Minor,4,2023-11-10,56xHMIfQPoe0prrSi3BGhf,"Olivia Rodrigo",10A,,https://i.scdn.co/image/ab67616d0000485103048c76bec2bdfa92703a5a
63,"un x100to","Grupo Frontera,Bad Bunny",86,83,"musica chihuahuense, reggaeton, trap latino, urbano latino","Latin","un x100to",2023-04-17,03:14,57,72,23,0,56,0,20,-4,F#/G♭ Minor,4,2023-04-22,6pD0ufEQq0xdHSsRbg9LBK,"Rimas Entertainment LLC.",11A,https://p.scdn.co/mp3-preview/15117af933a505dd75ecd33d15f2d4d3e13bdf9a?cid=0dd13485836e45ac9134860ee53d835f,https://i.scdn.co/image/ab67616d00004851716c0b0ad51594ff788b5f06
64,"LALA","Myke Towers",94,92,"reggaeton, trap latino, urbano latino","Latin","LA VIDA ES UNA",2023-03-23,03:17,71,74,7,0,61,0,10,-4,C♯/D♭ Major,4,2023-07-20,7ABLbnD53cQK00mhcaOUVG,"WEA Latina",3B,https://p.scdn.co/mp3-preview/42772b16b4e575d1b15b0ec7f94e335539390d2d?cid=0dd13485836e45ac9134860ee53d835f,https://i.scdn.co/image/ab67616d000048510656d5ce813ca3cc4b677e05
65,"(It Goes Like) Nanana - Edit","Peggy Gou",89,130,"electra, float house","Pop, Electronic","(It Goes Like) Nanana [Edit]",2023-06-15,03:51,67,88,12,19,96,0,0,-6,G Minor,4,2023-08-18,23RoR84KodL5HWvUTneQ1w,"XL Recordings",6A,https://p.scdn.co/mp3-preview/e36e0bd4714844f1f9d992398b41a3e333f15cc9?cid=0dd13485836e45ac9134860ee53d835f,https://i.scdn.co/image/ab67616d0000485188d71aadd009fe1a83df88f2
66,"Rush","Troye Sivan",56,126,"australian pop, pop, viral pop","Pop","Rush",2023-07-13,02:36,74,84,0,0,35,0,10,-8,F Minor,4,2023-07-14,3xIMkM5LgbVDkpO74O3Np3,"EMI Recorded Music Australia Pty Ltd",4A,,https://i.scdn.co/image/ab67616d00004851a4ffb2049ffce92bdae5f559
67,"Peso Pluma: Bzrp Music Sessions, Vol. 55","Bizarrap,Peso Pluma",84,133,"argentine hip hop, pop venezolano, trap argentino, trap latino, urbano latino, corridos tumbados, sad sierreno","Hip Hop, Latin","Peso Pluma: Bzrp Music Sessions, Vol. 55",2023-06-01,03:08,85,67,26,0,81,0,10,-8,F Minor,3,2023-06-02,5AqiaZwhmC6dIbgWrD5SzV,"DALE PLAY Records",4A,https://p.scdn.co/mp3-preview/9d61998a29c2e8b52a7d46885352f5507eb219e2?cid=0dd13485836e45ac9134860ee53d835f,https://i.scdn.co/image/ab67616d0000485115583045b2fdb7d7bab10e81
68,"BESO","ROSALÍA,Rauw Alejandro",86,95,"pop, r&b en espanol, puerto rican pop, reggaeton, trap latino, urbano latino","Pop, R&B, Latin","RR",2023-03-24,03:14,77,64,74,0,53,10,10,-7,F Minor,4,2023-03-28,609E1JCInJncactoMmkDon,"Columbia Records/Duars Entertainment/Sony Music Latin",4A,https://p.scdn.co/mp3-preview/ec3accbe111dac19702411be5adb665d4cd44c0c?cid=0dd13485836e45ac9134860ee53d835f,https://i.scdn.co/image/ab67616d000048514d6cf0d0d5e32ca4fa3a59e1
69,"Sprinter","Dave,Central Cee",90,141,"uk hip hop, melodic drill, r&drill","Hip Hop","Sprinter",2023-06-01,03:49,92,58,19,0,66,20,0,-8,C♯/D♭ Major,4,2023-11-30,2FDTHlrBguDzQkp7PVj16Q,"Neighbourhood / Live Yours",3B,,https://i.scdn.co/image/ab67616d00004851e3a09a9ae3f1fa102c110e60
70,"All My Life (feat. J. Cole)","Lil Durk,J. Cole",77,143,"chicago drill, chicago rap, drill, hip hop, rap, trap, conscious hip hop, north carolina hip hop","Hip Hop","Almost Healed",2023-05-26,03:43,79,57,4,0,73,20,10,-6,D#/E♭ Major,4,2023-05-27,6T7FXSuXykeGktMLGp8WgE,"Alamo",5B,https://p.scdn.co/mp3-preview/736c0ff37c1b6b7ca182ea6e78db36163e5e6eae?cid=0dd13485836e45ac9134860ee53d835f,https://i.scdn.co/image/ab67616d000048516234c2c6d4bb935839ac4719
71,"fukumean","Gunna",93,130,"atl hip hop, melodic rap, rap, trap","Hip Hop","a Gift & a Curse",2023-06-16,02:05,85,62,12,0,22,0,20,-7,C♯/D♭ Minor,4,2023-07-20,4rXLjWdF2ZZpXCVTfWcshS,"300 Entertainment",12A,https://p.scdn.co/mp3-preview/f237ab921af697ba9b49e12fa167c2ce1a82d6b4?cid=0dd13485836e45ac9134860ee53d835f,https://i.scdn.co/image/ab67616d00004851017d5e26552345c4b1575b6c
72,"In Ha Mood","Ice Spice",77,141,"bronx drill","","In Ha Mood",2023-01-06,02:09,77,74,70,0,53,30,20,-7,C Major,4,2023-03-17,0yUaLqhsVsguBpoOPL4cO7,"10K Projects/Capitol Records",8B,,https://i.scdn.co/image/ab67616d00004851cf9b9ac12129c2d73a788caf
73,"Double Fantasy (with Future)","The Weeknd,Future",79,119,"canadian contemporary r&b, canadian pop, pop, atl hip hop, hip hop, rap, southern hip hop, trap","Hip Hop, R&B, Pop","Double Fantasy",2023-04-21,04:28,60,57,1,0,10,0,50,-7,A Minor,4,2023-04-21,4VMRsbfZzd3SfQtaJ1Wpwi,"Republic Records",8A,,https://i.scdn.co/image/ab67616d00004851c7d6fe09dfe4af1580e59705
74,"Search & Rescue","Drake",83,142,"canadian hip hop, canadian pop, hip hop, pop rap, rap","Hip Hop, Pop","Search & Rescue",2023-04-07,04:32,82,44,6,0,54,0,30,-8,A#/B♭ Minor,4,2023-04-07,7aRCf5cLOFN1U7kvtChY1G,"OVO/Republic Records",3A,,https://i.scdn.co/image/ab67616d00004851cace8a4b2ff924c9e12e3a96
75,"LET GO","Central Cee",82,146,"melodic drill, r&drill","Hip Hop","LET GO",2022-12-15,02:54,74,45,86,0,51,30,20,-10,D Minor,4,2023-01-07,3zkyus0njMCL6phZmNNEeN,"Central Cee",7A,https://p.scdn.co/mp3-preview/5391f8e7621898d3f5237e297e3fbcabe1fe3494?cid=0dd13485836e45ac9134860ee53d835f,https://i.scdn.co/image/ab67616d00004851cbb3701743a568e7f1c4e967
76,"Lavender Haze","Taylor Swift",84,97,"pop","Pop","Midnights",2022-10-21,03:22,73,44,26,0,10,0,10,-10,A#/B♭ Major,4,2023-01-28,5jQI2r1RdgtuT8S3iG8zFC,"Taylor Swift",6B,,https://i.scdn.co/image/ab67616d00004851bb54dde68cd23e2a268ae0f5
77,"Tattoo","Loreen",88,150,"europop","Pop","Tattoo",2023-02-25,03:03,55,78,24,0,30,0,10,-6,D#/E♭ Minor,4,2023-05-19,1DmW5Ep6ywYwxc2HMT5BG6,"Universal Music AB",2A,,https://i.scdn.co/image/ab67616d000048512b0ba87db609976eee193bd6
78,"Never Felt So Alone","Labrinth",76,98,"indie poptimism, pop","Pop","Never Felt So Alone",2023-04-07,02:40,44,41,50,0,36,0,30,-4,F Major,3,2023-04-21,2NbsBSshscKIPRG3kwBbfo,"Columbia",7B,https://p.scdn.co/mp3-preview/d33db796d822aa77728af0f4abb06ccd596d2920?cid=0dd13485836e45ac9134860ee53d835f,https://i.scdn.co/image/ab67616d000048517dda6cb97a57f116f6fbf0be
79,"Heaven","Niall Horan",18,92,"pop","Pop","Heaven",2023-02-17,03:06,57,76,7,0,68,0,30,-3,F Major,4,2023-02-25,1yHVHoz6Ny29gbbWJYVnFt,"Capitol Records",7B,,https://i.scdn.co/image/ab67616d00004851723c6c01155c023a9a9f8cf0
80,"Acróstico","Shakira",80,144,"colombian pop, dance pop, latin pop, pop","Pop","Acróstico",2023-05-11,02:50,75,48,84,0,35,10,10,-9,B Major,4,2023-05-19,7txjUEY6McJDJKqIo1Rxjp,"Sony Music Latin",1B,https://p.scdn.co/mp3-preview/6d239b92d75881bcfc51be9f31c66537db1f2fb8?cid=0dd13485836e45ac9134860ee53d835f,https://i.scdn.co/image/ab67616d00004851bd6bbd68940f38c764524b63
81,"Yandel 150","Yandel,Feid",84,168,"latin hip hop, reggaeton, trap latino, urbano latino, colombian pop, pop reggaeton, reggaeton colombiano","Pop, Hip Hop, Latin","Resistencia",2023-01-13,03:36,78,73,5,0,58,0,10,-4,F#/G♭ Minor,4,2023-02-23,4FAKtPVycI4DxoOHC01YqD,"La Leyenda LLC",11A,https://p.scdn.co/mp3-preview/338ed053ce26ccc3313b00b5e6153e60ffd2eb19?cid=0dd13485836e45ac9134860ee53d835f,https://i.scdn.co/image/ab67616d00004851b2aec01b56eeb74610532700
82,"La Jumpa","Arcángel,Bad Bunny",80,140,"latin hip hop, reggaeton, trap latino, urbano latino","Hip Hop, Latin","Sr. Santos",2022-12-01,04:15,89,23,11,67,20,10,10,-15,A Major,4,2023-01-07,2mnXxnrX5vCGolNkaFvVeM,"Rimas Entertainment LLC.",11B,https://p.scdn.co/mp3-preview/8bcdff4719a7a4211128ec93da03892e46c4bc6a?cid=0dd13485836e45ac9134860ee53d835f,https://i.scdn.co/image/ab67616d0000485130326b23e30ae93d4d48165b
83,"Columbia","Quevedo",93,100,"rap canario, trap latino, urbano latino","Latin","Columbia",2023-07-07,03:06,67,71,37,0,26,0,10,-6,F Major,4,2023-07-20,6XbtvPmIpyCbjuT0e8cQtp,"Quevedo",7B,https://p.scdn.co/mp3-preview/e3d6df66fe67f618166a2cab858580ac8a96486a?cid=0dd13485836e45ac9134860ee53d835f,https://i.scdn.co/image/ab67616d00004851a00a817b017c6f6bf8460be9
84,"Calling (Spider-Man: Across the Spider-Verse) (Metro Boomin & Swae Lee, NAV, feat. A Boogie Wit da Hoodie)","Metro Boomin,Swae Lee,NAV,A Boogie Wit da Hoodie",4,140,"rap, melodic rap, trap, canadian hip hop, canadian trap","Hip Hop","METRO BOOMIN PRESENTS SPIDER-MAN: ACROSS THE SPIDER-VERSE (SOUNDTRACK FROM AND INSPIRED BY THE MOTION PICTURE / DELUXE EDITION)",2023-06-05,03:39,63,54,46,0,22,0,10,-8,C Major,4,2023-06-10,0by9UaVYUrKUz2TVAmK0Pg,"Republic Records",8B,,https://i.scdn.co/image/ab67616d0000485195f79828718c93ab2aea1e23
85,"Players","Coi Leray",79,105,"new jersey underground rap, trap queen","Hip Hop, R&B","Players",2022-11-30,02:19,95,52,3,0,62,10,0,-6,F#/G♭ Major,4,2023-03-18,6UN73IYd0hZxLi8wFPMQij,"Uptown / Republic Records",2B,,https://i.scdn.co/image/ab67616d000048515626453d29a0124dea22fb1b
86,"Baby Don't Hurt Me","David Guetta,Anne-Marie,Coi Leray",88,128,"big room, dance pop, edm, pop, pop dance, new jersey underground rap, trap queen","Electronic, Pop, Hip Hop, R&B","Baby Don't Hurt Me",2023-04-06,02:20,60,91,0,0,23,0,10,-3,G Major,4,2023-07-20,3BKD1PwArikchz2Zrlp1qi,"Parlophone UK",9B,https://p.scdn.co/mp3-preview/a8f2e176e17e0f6298b42ef8e96118318fdd2b89?cid=0dd13485836e45ac9134860ee53d835f,https://i.scdn.co/image/ab67616d000048510b4ef75c3728599aa4104f7a
87,"DOGTOOTH","Tyler, The Creator",76,78,"hip hop, rap","Hip Hop","CALL ME IF YOU GET LOST: The Estate Sale",2023-03-31,02:41,71,65,51,0,80,30,20,-6,G#/A♭ Major,4,2023-04-01,6OfOzTitafSnsaunQLuNFw,"Columbia",4B,https://p.scdn.co/mp3-preview/5de4c8c30108bc114f9f38a28ac0832936a852bf?cid=0dd13485836e45ac9134860ee53d835f,https://i.scdn.co/image/ab67616d00004851aa95a399fd30fbb4f6f59fca
88,"Mona Lisa (Spider-Man: Across the Spider-Verse)","Dominic Fike",74,111,"alternative pop rock, pov: indie","Rock, Pop","Mona Lisa (Spider-Man: Across the Spider-Verse)",2023-06-02,03:06,76,65,23,0,45,10,10,-8,C♯/D♭ Major,4,2023-06-17,37CoOXIsgF3NzbK1zHZetk,"Columbia",3B,https://p.scdn.co/mp3-preview/cea8b314f8b3777c6b87a45187b7b522d3911fde?cid=0dd13485836e45ac9134860ee53d835f,https://i.scdn.co/image/ab67616d00004851f4e6ed5d6b134635c45f8602
89,"Fast Car","Luke Combs",88,98,"contemporary country, country","Country","Gettin' Old",2023-03-24,04:25,71,60,19,0,67,0,10,-6,G#/A♭ Major,4,2023-07-20,1Lo0QY9cvc8sUB2vnIOxDT,"River House Artists/Columbia Nashville",4B,https://p.scdn.co/mp3-preview/1dc0426c95058783e0fe1d70c41583ca98317108?cid=0dd13485836e45ac9134860ee53d835f,https://i.scdn.co/image/ab67616d00004851ca650d3a95022e0490434ba1
90,"Snow On The Beach (feat. More Lana Del Rey)","Taylor Swift,Lana Del Rey",82,110,"pop, art pop","Pop","Midnights (The Til Dawn Edition)",2023-05-26,03:49,66,40,81,0,32,0,10,-11,F#/G♭ Minor,4,2023-05-27,4zmKGsrXjLmljb5fTaBTot,"Taylor Swift",11A,,https://i.scdn.co/image/ab67616d00004851fa747621a53c8e2cc436dee0
91,"3D (feat. Jack Harlow)","Jung Kook,Jack Harlow",88,108,"k-pop, deep underground hip hop, kentucky hip hop, pop rap, rap","Hip Hop, Pop","3D (feat. Jack Harlow)",2023-09-29,03:21,85,82,3,0,89,10,0,-3,C♯/D♭ Major,4,2023-09-29,6ehWdR7cGDXnT7aKEASJxE,"BIGHIT MUSIC",3B,https://p.scdn.co/mp3-preview/74f0838fd4469ac28b5fd6be753eb534e52b4810?cid=0dd13485836e45ac9134860ee53d835f,https://i.scdn.co/image/ab67616d00004851409a2d7bd4b2238e4aaa7bf5
92,"Slime You Out (feat. SZA)","Drake,SZA",79,89,"canadian hip hop, canadian pop, hip hop, pop rap, rap, pop, r&b","Hip Hop, Pop, R&B","Slime You Out",2023-09-15,05:10,48,41,51,0,11,0,20,-9,F Minor,3,2023-09-16,3RaCGXCiiMufRPoexXxGkV,"OVO",4A,,https://i.scdn.co/image/ab67616d000048513b2df9103b8b1bad69ec4aa9
93,"Agora Hills","Doja Cat",93,123,"dance pop, pop","Pop","Scarlet",2023-09-22,04:25,75,67,23,0,39,10,10,-6,G#/A♭ Minor,4,2023-10-20,7dJYggqjKo71KI9sLzqCs8,"Kemosabe Records/RCA Records",1A,https://p.scdn.co/mp3-preview/7e7617d241cfc1542ec5300a1b07dad71f656ec6?cid=0dd13485836e45ac9134860ee53d835f,https://i.scdn.co/image/ab67616d0000485194203dd82d27b494c777d07c
94,"What It Is (Solo Version)","Doechii",85,172,"alternative r&b","R&B","What It Is (Versions)",2023-03-17,03:09,74,76,6,0,76,0,10,-6,C♯/D♭ Minor,4,2023-07-31,73RbfOTJIjHzi2pcVHjeHM,"Top Dawg Entertainment/Capitol Records",12A,,https://i.scdn.co/image/ab67616d000048512ee85751f6f503fa9a533eba
95,"exes","Tate McRae",89,137,"alt z, pop","Pop","exes",2023-11-17,02:39,84,57,15,0,55,0,10,-6,F Minor,4,2023-11-17,0HD8mbiPjp3o94X3EaZp0o,"RCA Records Label",4A,https://p.scdn.co/mp3-preview/b0b07957682ff76cb842ff145c545c192aac7263?cid=0dd13485836e45ac9134860ee53d835f,https://i.scdn.co/image/ab67616d000048513abcdf926da7799a87d36406
96,"One Of The Girls (with JENNIE, Lily Rose Depp)","The Weeknd,JENNIE,Lily-Rose Depp",97,88,"canadian contemporary r&b, canadian pop, pop, k-pop","R&B, Pop","The Idol Episode 4 (Music from the HBO Original Series)",2023-06-23,04:04,52,64,5,0,20,0,10,-6,G#/A♭ Major,4,2023-11-14,7CyPwkp0oE8Ro9Dd5CUDjW,"XO / Republic Records",4B,,https://i.scdn.co/image/ab67616d00004851b0dd6a5cd1dec96c4119c262
97,"QLONA","KAROL G,Peso Pluma",87,170,"reggaeton, reggaeton colombiano, trap latino, urbano latino, corridos tumbados, sad sierreno","Latin","MAÑANA SERÁ BONITO (BICHOTA SEASON)",2023-08-11,02:52,84,76,53,0,42,30,0,-7,G Minor,4,2023-09-01,3XB5uhhlYSnkxpSihkNQwh,"Bichota/Interscope Records",6A,,https://i.scdn.co/image/ab67616d000048514a8c1bbd60d89887c5016245
98,"LOVE AGAIN","The Kid LAROI",74,107,"australian hip hop","Hip Hop","LOVE AGAIN",2023-01-27,02:26,66,40,72,0,47,0,10,-7,B Minor,4,2023-11-30,4sx6NRwL6Ol3V6m9exwGlQ,"Columbia",10A,https://p.scdn.co/mp3-preview/4baae2685eaac7401ae183c54642c9ddf3b9e057?cid=0dd13485836e45ac9134860ee53d835f,https://i.scdn.co/image/ab67616d00004851a53643fc03785efb9926443d
99,"Feather","Sabrina Carpenter",92,124,"pop","Pop","emails i can’t send fwd:",2023-03-17,03:05,79,69,9,0,84,0,0,-4,F#/G♭ Minor,4,2023-11-29,2Zo1PcszsT9WQ0ANntJbID,"Island Records",11A,,https://i.scdn.co/image/ab67616d000048510f45623be014a592a5815827
100,"Attention","Doja Cat",73,88,"dance pop, pop","Pop","Attention",2023-06-16,04:37,76,57,12,3,42,20,10,-8,D Major,4,2023-11-30,11xC6P3iKYpFThT6Ce1KdG,"Kemosabe Records/RCA Records",10B,https://p.scdn.co/mp3-preview/0bc92811cc92e03805da4a1a5e8d70a0dee73107?cid=0dd13485836e45ac9134860ee53d835f,https://i.scdn.co/image/ab67616d0000485124b893fb9e7953ebc9517c6a